id,name
4c06032a-ef8e-4ad8-8213-36755f168d8d,Emma Mitchell
e4e38b0d-919c-4e3b-9e3b-13b5f20b90f3,Lori Butler
7d8eb899-7b73-4539-be49-ae8e0360fe8d,Carrie Russell MD
f05c6161-58f4-4608-8c9f-5016c9080e2a,Brian Johnson
85025fd9-3b1d-49c4-a120-a62c63495c78,David Hanson
fc9bcd91-5f0f-49cd-a2e9-8dae66e8967d,Kevin Hardy
47d9b905-2624-43c5-a0dd-300cafafee05,Jessica Richard
af39e56b-ea83-44f5-892b-dfb5649d0232,Kimberly Jackson
d70648cb-5cf6-412b-952f-2e873a470871,Mr. Jeremy Cameron
e3f9c3c2-7e48-44ac-8b13-b3b0abc2c244,Christopher Barnes
79715dab-f15b-43e1-b9f5-9fe6861fa7a1,Kimberly Kaiser
49ec3bc9-92c1-4c06-b880-75f71bb8aee9,Kelly Bennett
5170973c-c2b7-4941-8bdd-f9191b09803e,Howard Copeland
e763e343-ba33-48b0-9293-b21d1417643a,Jennifer Garcia
72d5e429-8620-4493-b425-758a2b6d92e4,Kelly Kelly
2cc83183-0466-45fc-bce2-40d36511f01b,Martha Pineda DDS
6380d3ff-a772-4d5b-81e4-e4a21e479d72,Jeremiah Smith
c767ef19-caf8-40e5-89eb-d8d6f7108da7,Ryan Byrd
e390b9ab-d27a-4bab-94cc-a472a0f04de9,Victor Hall
0fd1e536-79aa-427c-a960-cbbba11a1153,Kathy Haney MD
30398a9e-38b4-4e8c-b69e-9f78f8e0e002,Harold Jacobson
64a078b9-c86c-4757-95f6-0dd531a6c745,Kevin Jenkins
15dbb9a0-6b35-4451-91ff-e14bbbe7797a,Karen Garza
0ecb5e15-c00e-4526-a905-e96e84dbb0bd,Jacob Brown
8cd5566d-fb10-4eb7-a0e7-240ce9cd8a53,Brittany Johnson
4990ceab-918d-495a-a11f-c14642c3b657,Brian Velasquez
1afb510f-7653-4430-a957-b7226d5ea0dd,Adam Rowe
b58d3f27-aca6-40a0-b6d0-98cec4ec2e05,Sharon Sawyer
7593ad77-7a06-42c4-863d-b3d91ea43b6c,Heather Gomez MD
620b8469-3903-4f87-ad66-7a75148ca67a,Derrick Brown
80fba3f3-621b-401f-bc67-5214517f6aae,Dr. David Murphy
65c2a47f-0676-41c6-8193-5cfc64972e3e,James Stuart
006ae3e7-e459-4a7d-9ed9-e00f15048846,Rachel Rodriguez
33e0b5c2-864c-4812-b88f-1fc59824e45f,Rodney Berry
83bbc5a8-2c51-43c5-a947-363e96bc7c4b,Jeffrey Love
ffcf5d4f-b000-4593-be2e-be31ab958a37,Keith Cook
667ebb5f-7fe4-4f70-ab8b-b61a2d7ec22e,Mr. Matthew Meyer
b057028b-e2b3-47da-b0d9-44ce290bfbe6,Ryan Austin
36e93f3e-050b-4651-8af3-0d65f84fdaf2,Benjamin Bell
3ed5743f-7f67-41d4-8d2d-0023cdac87c4,Maria Cook
43fd6825-51a8-4935-ac5a-e1db6ad30707,Rebecca Rodriguez
93c08b99-87ae-4bf9-93e2-4c7c0661ba4a,Kaitlyn Allen
616bebe4-26a6-4fdc-a4fd-03fd4d304229,Leslie Hicks
203643e4-635a-48a8-aab1-8c7c54be7735,George Garcia
33d354ce-90ba-43a6-9269-15f022e347d4,Alexander Burke
0845d9ee-130b-41a9-97da-ce026fe80ad3,Ashley Mcdaniel
0228057f-129e-4efb-82b0-13234f4cf1ea,Sean Manning
cf566758-5925-44c5-824d-9e6613ff0799,Brittany Daniels
bef169fd-ed87-4f83-b77e-b6e55f65ee84,Stephanie Love
4d49446e-3879-4dda-b89d-4a746d5e0322,Garrett Black
9af84376-7b1c-4147-ad71-89d8f59048dd,Kristi Washington
c887cb3b-735d-4edb-8280-6ed2bfc81e3c,John Simmons
c9d87d38-179a-4c76-8af0-892d6a90059e,Lindsey Ellison
a50bac7b-982f-4c4f-9fcb-ded8afc265bb,Kevin Castro
d3fb66a0-e345-47a4-9684-86c89d5855d5,Elizabeth Ford
8435471b-ae07-4d0a-b18f-d5322644c846,Connor Hernandez
ad3799b3-2de2-4700-b58f-4cb77ce8e50a,Ruben Bennett
e60bcc6c-cee8-46a2-b6f9-074d11b9e7ad,Kerry Tanner
a831a146-0e86-49b7-b4b1-f773a83c8b6e,Cody Gonzalez
8d9dcbd1-28b5-4d46-8cf6-9adcbf8c9cd4,Thomas West MD
f46218ca-4544-4bb6-bc33-4319139e8527,Jeffrey Silva
877c4094-1996-4ee6-9a2a-158bb543bc9e,Kyle Johnson
b1d66129-c22b-4b81-bc84-c6f4ce97e806,Michael Acosta
8f154480-67aa-403d-bdb1-b17efb05eb7d,Amber White
c52e4cd8-ede0-453f-9fc4-95312ed125b8,Jeffrey Gutierrez
dd7c26f0-fbcc-4c99-9840-35c6686312e3,Lisa Murray
88ec4ca8-822b-46dd-8205-e29d552f0322,Kimberly Schneider
1c51a2d1-89b1-4a08-afb6-bd0693be5c84,Jesse Moore
7868984a-b093-41b6-9e55-2bcb923b844f,Lisa Lewis
6e471a0b-06f7-4476-acb9-ce76a7bf42f4,Justin Duarte
9e391103-114d-4f54-a176-86d47a83d60a,Samuel Stout
fc673a41-807f-40bb-b7f3-12d092ca86cf,Erin Lucas
38c328f4-e122-4801-819e-5787d6b26563,Lydia Knapp
602e3967-e2e4-4dd8-a949-86c1b11dbeda,Michael French
f8251454-9642-4fb4-89b1-cf0f629c07d8,Michael Figueroa
5651a1da-dba6-4db8-a795-9cc73750e50d,John Lowe
9b5e3a01-71d8-4836-97ac-23c72a04a6ba,John Lowe
c22a647e-6615-4e35-93f1-5e4ad1c664e3,Stephen Miller
062c0cb3-1979-441e-a83f-bfa0506aefff,John Hughes
07d2d415-40c4-44f1-8b68-1897a97e3943,Laura Holt
8732998f-26b4-4c5c-8dcb-7b5f8c625eae,Aaron Wilson
49ad7b05-5444-48d9-bb03-0305785b3f1b,Christopher Torres
3b582cf5-90e2-4bfe-acb2-34ac901efff5,Patricia Joyce
95e58e00-4d0c-4649-9c4e-ef8add6b15c3,Mark Jenkins
b872041b-e6c6-47fd-92c5-c23fb5622702,John Bennett
2ad961ad-a685-4af8-83c4-33d57c8625df,Tamara Wallace
297c84fc-5581-4ef1-adac-74c55988ff93,Jasmine Murray
d6748b0c-959d-405e-be89-131acc109314,Andrew Serrano
07e224d6-3312-402e-a0a4-f5cbf1f9007d,Susan Lara
c1b56d25-8c4c-45ad-838f-0ee0b76ef117,Lauren Rodriguez
6a0d276c-8c5d-420a-baae-cd13f115a926,Dale Ellis
59b199b9-597a-483e-8448-88726d516d0d,Jennifer Sheppard
ad3d4e01-2a50-4a11-bd56-a8118e424e94,Amber Franklin
9babb2e8-7f3c-4a1f-baa6-a30a8cf9d283,Lawrence Clark
99f1d627-ba3e-4b2f-b3b9-06a2508bbc1d,Kyle Martin
c8dd62aa-4e73-4beb-847f-ff2f35528b0d,Michelle Roberts
c020e68c-9392-4d08-814b-e77dfce6fa1d,Mr. Adam Carey
63523efc-8c7e-4acb-80e7-d6cf45bcb203,Ronald Jones
0fd81417-8e67-4b96-b9ca-91b6546f3f01,Patrick Knight
b41153fa-822b-42e9-862d-55a2e3d525e6,Lisa Ramirez
a9af0175-1f52-4f80-9933-d083176dd298,Lisa Snyder
a6bf32ae-1d08-4d94-8eec-01a52eaff4b9,Micheal Ross
aa9946ec-0bcc-45ce-8290-02a07be327ca,Deanna Torres
b77ad330-e390-4598-91bc-2ab196b36aed,Nicholas Curry
481d800b-5ac2-4028-bd44-33399a3c1890,Andrea Moore
7fa5315c-4b1c-4920-974b-e9a923866063,Harry Taylor
cea0223a-eb55-431a-b14e-03e9a6560049,Debra Hall
f0d6553f-deee-41c8-958d-85ba84c60298,Sean Jackson
16980f10-c139-4158-8afe-acef33a06eba,Gregory Garza
58d43dcb-aa8b-4c76-9077-817b7b3d68ca,Michael Briggs
8daa9077-c66e-45e8-a7a4-f13ed6927f2d,Mr. Brent Ward
02724ea6-4222-4e90-891a-cdc7b18a0534,Pamela Harris
0158b055-c9a3-47f4-99ff-e2135dc0c08b,Margaret Bass
3be3a64d-79b7-4175-a422-8dd0a2ffef2e,Lynn Ramirez
7b44eaa3-e7b4-48d5-b68a-2144e3f79867,Heidi Randall
ba658a96-30cd-41e3-846d-c0ebe42164fe,Nancy Hernandez MD
e27bbab6-1dcf-4699-ac3a-9d5937f1bd71,Danielle Gray
4891083d-5698-4388-8d10-f9e8a9669af1,Shawn Baker
11a73c54-ab14-4699-9cc8-a48fe1bfddcf,Kayla Brown
8c1bdb4b-149a-46b1-8c5b-3907cf2836fe,Patrick Richards
6ef7f9d8-ac35-402d-98c1-c1f1216dba0a,Christopher Ellis
8129723a-1e39-484c-abee-789daa7129af,Jonathan Bennett
4134a732-aff2-427b-8aa0-2f73365b2455,Kathy Harris
27bf9454-afe3-4e54-9079-f3dc2702f974,Pamela Lane
6aafd44f-3fc9-43af-825b-7af67cb8cf30,Seth Frazier
d51a11c6-be91-48ae-a502-3431bceff756,Andre Sanders
b4feac12-15b5-4f71-821f-5e008ee52081,Anna Hunter
e3256151-9b56-45d6-8275-67506d579419,Rebecca Carr
7f614072-a3e0-41d4-8428-bbfff6e02920,Dr. Shannon Carter
ce914354-460c-4420-96dd-64cc484a9a81,Gerald Hicks
8b799286-f7ab-4ec8-a089-8504938bdd8b,Kimberly Wilson MD
3eb59d7c-88e9-4d14-bd58-b44ebd14e004,Karen Freeman
6efecfda-9276-4a17-975e-f521750f6415,Richard Holloway
60cb2f00-83a4-429b-93bc-646df358c963,Brian Clark
2d2cd871-9bd4-4073-aba3-3c7812b957b2,Stephanie Koch
5577e67c-2ac2-4937-9352-93d9e7918fce,Dale Colon
4615ee11-9d8e-4a7e-a2f1-6da52d850163,Debra Simmons
346e2253-7f76-4029-8009-70d55ea62e2d,Molly Smith
40e1c940-88c9-4e4f-b63c-41f71c49a63e,James Thomas
3a5bec06-5322-40e1-8a27-311a3b00be9a,Andre King
0e6854d2-a7dc-4b3f-9d18-8c405cd460b5,Melissa Miller
759ebd69-3d90-4d1d-b8f2-7e9455fb2742,Rebecca Smith
0549a616-63e1-47d7-b042-b3173fbfb02a,Mrs. Shelly White MD
b8026f33-8a66-413d-b12e-63e5fca2a0ae,Erik Mason
291ee180-0a0b-435f-9f33-713577ae8eec,Lauren Love
8d6f6789-43c6-4f01-9066-09565fdf5bb7,Brandy Schaefer
82cbe79d-bbad-4ac2-8fd3-cb0fccd6e965,Richard Hayes
198c9388-f255-46ad-9418-0d27c394edfe,Ashley Roberts
3bb65f63-f286-441e-ae00-fe4244c6d08c,Heather Ritter
26ea2b29-1717-4fdf-bd33-70226ad912a6,Paul Marshall
018c6a83-bb8c-4ba6-8fa7-874bbeaca7d0,Jay Haley
4ba837e7-3d27-445a-8465-59ceca1055a5,Melvin Ingram
c3ec6afe-97c8-4f31-b4d7-0e59999ab13b,Michael Gallegos
cb917dda-108e-41d8-83ab-489f32f6b5af,Zachary Holland MD
f3349172-afe1-4a45-9d04-9271a98ff63f,Anne Jackson
2d521372-4224-4f8c-9d19-ffe53629bbc4,Brian Cordova
e39b8436-8d36-4358-926a-e7ac88b5c35c,Karina Zimmerman
ab7e1233-373a-4776-be2c-d80b763a99a1,Justin Taylor
8af32aa3-92bf-4929-8101-c4846c427bdd,Jessica Wade
0bf3c3f0-186b-4df7-8916-df38a43c5f94,Sharon Smith
e7ae0a67-340a-486f-abd3-7c3518baebda,Jon Heath
83357fff-baee-4d1e-9c10-7c6c9796f87c,Robert Campbell
de0bfc37-f208-4c00-bf74-45aa9fe57ac2,Julie Barnes
4e98e431-b6bd-4a44-b7af-bd454f3bb0d3,Dennis Lopez
c30ac2aa-994d-4e08-9752-d3fa56bf7db1,Scott Smith
1d04ead0-a14f-47b1-89c8-00cdaa74832f,Robert Phelps
9c1a3a1f-05fa-480f-8c92-03fc793f79d5,Charles Johnson
e90899d8-e7ee-44e8-acc6-bebe4faa7bfd,Rebecca Jones
868d31fb-2a11-4b6b-9fea-1fada71bbd22,Kristin Mcintyre
329adb5f-a662-433e-a8f7-c74bca06111c,Nicole Curtis
6e3879ab-8abc-49e5-9ffc-94c9e0336811,Steve Blanchard MD
2db7c424-31d1-4519-b9f5-2f133b829de5,Barbara Pearson
bd08ac7d-7fcd-465e-8ac9-758c3425aaf8,Jeffrey Franklin
7f39660a-3ed6-44e0-ba7d-c3be8ea84cb3,Scott Jones
7df75c9c-82ec-4ff7-9641-8ad346323f30,Mary Vargas
446cd941-4a43-4673-8de7-b1809d19a5d8,Megan Wyatt
7f832878-75aa-4670-a5bc-592d5841bb46,Alexis Cervantes
82c1a962-474e-4d21-a32a-391a5bcaf128,Lawrence Brown
f615ae3e-216f-4409-8517-92e57173ba16,Nicole Bailey
8c014560-9160-43b6-8019-6b951f70627d,Jeffery Harrison
b91a0abd-a06c-4f5a-9afc-f43f634c5a2d,Tanner Mullen
af29e466-f9c1-4991-85ef-2d0a714d8ef4,Courtney Harrison
a9dfdf1d-10f1-4eb5-8a0c-02f6c9f63751,Erin Rodriguez
f4ebed8c-ce58-4ed7-8aa3-0b8798de68d9,Taylor Summers
7e29bb49-a407-4de7-b853-8f78d687bbf6,Brandon Parker
d25d05b0-5b23-49a8-af25-9f44886a1027,Jonathan Johnson
e2bb2b35-1b90-43e2-9d95-8eb2148ffc02,Thomas Houston
63bcfebe-85cf-49f5-acdb-8060ba7273ae,Michael Cobb
d2bd3ac9-c7c1-4eeb-b0c4-baa648671898,Stephanie Evans
21973b67-d6a0-4ab3-a85d-3f02875d79a6,Sarah Harris
893ed2e4-e153-41a7-9b4c-ae1e46a59987,Barbara Jefferson
a02c4eb8-5306-429b-a069-807ab1c51a4a,Christine Gonzales
c53d13c9-d29d-41e9-9af4-6c3a770aa043,Elizabeth Chapman
afcf5055-41a6-4aec-98c5-e7bbadf7ac65,Kathy Thomas
750412b7-67a2-4fd5-98e5-a6b79de7e864,Julia Sanders
74d2e3e2-e224-4eab-9e1a-fe827203b41f,John Norris
2e03ab32-fa60-4220-ba9d-d4e2ba000de3,Stephen Robbins
961c743f-b832-4a7d-bda3-d42cac205a4d,Michelle Gaines
0bd48069-dc3c-4729-87b8-f896be03df49,Larry Gilmore
99b74ed4-fcc4-45eb-a5ee-001bb275d104,Donald Thomas
70a87b0e-4012-434e-b079-7ebe3a501d5b,Lori Williams
6c6a45b7-b379-4ba6-ae13-3d1ac1754937,Christina Roberts
36572e1d-2711-4213-86fe-a758a66cd527,Mary Kim
fa1e44cb-0df8-469b-8766-13d99dabe39e,Jessica Meyer
cb7fdafa-51c1-4370-9b77-7999d5ec69ef,Steven Flores
05e56994-40b2-487d-9575-a5600f0be661,Edward Ortiz
87781023-e81b-4e30-827e-7a949448cad8,Barbara Koch
a98eff3d-9760-4ff2-a1fa-6f0a05a7a0cf,Ann Yoder
b381ed7c-4127-40eb-9de1-d0924519b9a9,Dr. Maria Moreno MD
6c4ad106-5bca-43a1-b9c8-907cb94fdc5f,Sean Bates
d499e08f-0533-4d5c-bddf-c770f7cb92ef,Miranda Dixon
31ad181f-b004-45fb-81f4-3084830e492f,Amy Garcia
e96453ae-85e0-4838-8349-c918d016654a,Bradley Shannon
161d75e2-2088-4559-ac80-1059d4842f97,Steven Williams
00db4b17-2980-4c75-9dc3-bc158ee25a1c,Diane Marshall
3d7cb56a-7f0c-4ee5-8c2a-3720c01770d0,Derek Cox
bbde51de-b149-41fa-b56d-d33c3e909fad,Veronica Buckley
992c9c30-4f00-424a-b66b-885faac04bbe,John Blackburn
3f9550f4-709c-42e9-9eb5-f5a3e573ada5,Amanda Hodges
582f6f16-3d1e-4ede-9f48-4c3aa249c6c1,Cathy Castillo
d07ff9ba-927d-4e43-84fe-66d4061b7511,Jessica James
eec5fab1-de03-4a00-abb5-f15e0438ec48,Nicholas Mcdowell
d6917280-55f3-4f25-9d56-1e9c873dac76,Elizabeth David
3994300c-2ee9-485b-bf87-edf5ab88d32c,Chad Walsh
439e9c99-430b-4305-a896-c20b3b84d7c3,Alexander Johnson
8e9d9e24-e5e5-44c9-9f1a-65cccc6f4bd5,Richard Martinez
a75928d7-6428-4f50-87bf-0f9b1454ca62,Angela Smith
b324e5b0-ed7b-4e71-8f2a-834955035307,Amy Ford
a818ef74-77cc-4973-9406-8c9d9315f929,Kaitlin Hall
244950a9-09d6-4bc3-b235-943029a8e810,Amber Cortez
27c48660-1d3d-4f24-ae59-9242bb26e6dd,Julie Dixon
5ac9ba94-ce73-42cf-bd40-594120a9219c,Erik Gordon
3ea8b2f9-b657-4af6-a351-9e9d6eebcb29,David Cooper DDS
16fd6ee1-fd29-4431-9c65-ac76509ef4a3,Kelsey Taylor
b302af19-afcc-4d72-8643-5691101733ac,Jason Richards
12f67231-8a50-4969-96d7-929c85ae9cb6,Bonnie Jones
a3c82a0f-4d6d-4c44-ace9-865289ca2268,Abigail Lindsey
acf51150-c57c-4c7b-bd4b-89fa90006fc2,Stephen Archer
697e5f92-1e80-455a-8991-ea1bd2be9e06,Charles Adams
0e1be243-91fc-448f-a8b9-92654e3e485e,Kristina Smith
603d8b15-1a92-4f4b-bba2-6fc35043751d,Bradley Monroe
1d8ee30f-7112-4d7a-b526-5e6040f86b36,Darryl Green
3fca500b-e519-45db-937a-f3a3c183bdf7,Kayla Brooks
8d0be557-28bd-401d-a997-6a8fdea1780a,Tyrone Ryan
1a176b82-2ee1-4768-a348-6eac8db75f05,Misty Reed
700a41ad-e03f-4f0b-a4b9-922bae5b79c4,Judy Alvarez
82b6ca9f-7910-4bf7-8b37-59a483d51cf4,Maria Moon
6e3e4ce4-6def-47f8-98ec-e881848fbc54,Stephanie Williams
5195479d-8b49-4e61-af51-5797562eb8b3,Scott Perkins
075d6f24-31ad-4743-9230-b34a2d9ee2d4,Danielle Lewis
4c6837ea-304c-452c-96a0-a07693e4b38f,Stephanie Nelson
ae2c234c-184d-4bd9-aca8-fbad801e672e,Richard Cannon
54582b34-a8ce-4278-9bb5-61f4b2b33f44,Theodore Anderson
03a424e1-092d-4515-8b03-1097a43663bb,Jade Martinez
c976db3c-216e-41ca-8290-f444a7d9c9a9,Elizabeth Montgomery
8085a9eb-2d19-490a-8307-ab6bb89a8981,Brenda Kent
65bb1e5c-752f-497f-9b33-2aaa09b9d5d6,Jacqueline Morris
8c6cd0e8-f96b-4168-8ba2-aaf9af110526,Vincent Clark
e87ff109-41ee-45cb-a62e-888b08d8ead8,Ray Mitchell
4002b353-6826-4977-a832-2824a2e77e19,Mary Smith
6cc7a463-dbd9-4dd5-bcdd-8c044d18eb43,Alison White
df50a4ed-a129-446f-969f-57c7cc20e54c,Wyatt Bates
4ef90351-b3e0-4c86-bf49-f5bc99255613,Don Duran
3634f9ce-711d-43fd-8f2d-46f7e91553f7,Laura Hernandez
733ab7ef-d737-45f7-af63-e32508d49132,Matthew Allen
024dfecf-a6ac-4c19-be17-9990baa387f1,Alexis Mcpherson
c85db223-c3e7-4574-9966-82c310993ba5,Taylor Blackburn
290cf55e-7a6c-48a2-8ec7-bbd792396e63,Dustin Macias
8265a950-0b86-4124-bfd9-10bb3b839e9b,Benjamin Brooks
abdaeed5-2167-4cec-9895-ba5f8bcf8db7,Eric Francis
0c4aa0d0-6421-4fa5-a5f1-9ef8c195ff27,Scott Harrison
7a8715eb-1314-47c4-92d5-c982f8291b7c,Brittany Barrera
5057379b-12c2-4631-bab3-5a7beb68b3d1,Joshua Wells
3dad51c5-dda3-44de-87f9-deaccd761ce9,Leslie Conner
5e97d0f6-8def-4ff3-a885-3d383e41c94f,Matthew Stewart
0cdf2634-e1f5-4451-8fd8-376dd038aaec,Brett Allen
e41fa34b-2504-460d-9515-7e486dfddcc3,Larry Ward
cebce4be-3939-4d8e-abf2-321e3aaf5a93,Shelby Gonzalez
0b0dfd03-34f0-4c28-bdd6-81aa261353b8,Dillon Flores
8907e71d-8166-49bd-bc7c-1afbb9ff96c9,Adam Carpenter
be634130-7bc6-467c-bc10-b3440e84d1d2,Calvin Mccullough
03feb772-baf1-4001-aff0-c9cf6abcd507,Dwayne Johnson
153c4809-515c-414a-b152-111b217beb7f,Brian Davenport
5457170e-acf2-47e0-b2a0-c49a51de5938,Leslie Cruz
f39598df-62ec-419c-acee-4db47db5fe27,Sarah Smith
08b59cc1-94ab-49c5-9b6b-bd472d5a7b43,Angela Stephens
c8149aa6-7a4d-4eaf-b5be-9b0624a4a4df,Brad Williamson
e53e9c12-db7d-4027-a78d-0976ffe96f57,Glen King
1e0b66a4-6e65-4f97-b226-6f02c9b477ee,Amber Lopez
02f5139e-67b5-47fd-b83b-ca44dec76419,Melody Wright
b7285836-8492-402c-9d67-0bf009f80914,April Baker
8c99c44a-8784-4f45-be68-cf5c38ac4190,Brandon Roy
b7abbeac-8e32-4c32-a409-2ad36c8f9b26,Chloe Payne
72736ec6-4ab2-4f26-936d-de26130fc688,Eric Young
2dff0af1-5a1b-487d-a89b-d786ced83ad8,Lisa Lopez
848c1d36-e2af-46ab-b488-777bb13455c7,Steven Brown
1939f915-accd-456e-9f94-6d95fe25c081,Terry Obrien
4f3fd585-eece-437a-8e9e-7899618e1193,Kenneth Lynch
0f8d1676-9479-44a3-90bf-248680e77b6c,Katie Ruiz
f64cebf6-502e-4b7c-8eff-bc0bfe981b1f,April Curtis
d65517ab-cf97-4245-81e2-c56e25c260bc,Timothy Navarro
cae2e0dc-0055-401e-a110-5985e65b14f8,Michael Dean
50c5639e-5ba6-4873-a69f-7fbad68997c9,Terry Rice
cc25812d-e110-4867-8488-f050300971dd,John Long
f721a9ab-2e59-4a5c-8c41-23f506275675,Rhonda Small
528fab9f-906f-4b34-8b0b-5c81836747ef,Madison Mcintosh
044a0427-6f98-4e9f-907c-0146051d8060,Misty Lee
5bf2a579-eef3-4c15-b8e4-2812b3b67045,John Brewer
00bae1af-d7be-4c72-bcf9-d6c83e9a6bb3,Robert Black
73ff34f3-f84d-428e-942b-111caac76069,Stacy Ibarra
b68a39a4-8995-4e00-83ca-62e4e8960047,Michelle White
398e0ba0-0a95-460d-a841-fb074749bf28,Lori Chavez
5edefb2c-c28a-4158-a0bc-71d54ac8efee,Karen Obrien
f5fd2972-bbc7-4258-bdd3-af422dd8427c,Jodi Mitchell
013719eb-17bd-4ab6-979e-1a01e0e14497,Sharon Evans
fb53b8bd-f705-4055-b8d2-ad8ed5491f6a,Brenda Hall
bed9c12d-09f6-42e6-80a4-afcd747679dd,Brittany Turner
0d30a31a-4d6b-4501-a470-869e68f5ac2b,William Davis
dbe64656-49b4-4f8a-a72a-245334d1d235,Carlos Leon
45b9ea56-e325-4990-8ec8-112a4d65f690,Jody Valencia
821f6373-b9c5-4c3e-a6a1-879c67d5d74d,Erin Flores PhD
32b2254f-b945-4c3c-9b17-22ec6ad35585,John Mcgee
200851c5-1897-4f71-ac44-6ea9b5ec9e35,Melissa Harris
7e0694ad-aa76-412e-93db-1c4a65f385aa,Amanda Nelson
983a53fb-8ffc-4ac7-a69f-8bcbf7df4127,Deborah Morgan
607db099-89de-4ed8-8d39-dddfeab0b201,Lisa Mason
e9e9b2df-e7f4-4344-9d5a-3e683d5212d2,Derek Smith
ba27c510-a60f-43d5-911d-2eea551ec967,Gregory Hayes
e194b723-372d-42fc-af06-7a8e6082b7fb,Brandy Mcdonald
5715c936-6107-4ad0-b665-b74a23af7663,Dana Mcdowell
b137b767-ca43-4620-bb20-09724ceeac2b,Ashley Ross
bf8ab532-9d9c-40dc-8dca-e8c7a6c03e22,Jenny Harrell
3d53599e-40cb-499a-ad2d-f9d01c4ee860,Veronica Garcia
4ad8caa3-a37f-4850-96d3-7b190421b86a,Kristin Frank
ddcf2f61-625e-4e33-9d0d-31f880d588dd,Teresa Evans
4616bd46-6107-4a3c-848c-dd98874a31dc,Michael Perez
e6616eae-5b0c-44e7-876f-c8c1db71fb4d,Cheryl Robinson
3689cc15-259d-4e6c-9c44-4261299a956a,Catherine Navarro
88c44b0f-a58d-48c1-a716-6eee75b774d4,John Anthony
b3046dd2-61a8-407d-bbea-91950cbddc81,Christina Patterson
04b3fbb1-d5bf-4e8f-a9f5-a5a22b7d4b4d,Tammy Watson
c3b9ced9-baa1-4a3b-9115-c99fde5e6ecf,Ashley Franco
9588896d-60e8-48de-abee-ac6ca5b58bfd,Traci Maddox
9203a8b7-3ee6-4431-987b-ecb5cd0dfbbe,Lisa Townsend
c3035ce3-80c2-4afe-9d9a-50b39ed7c56f,Nicholas Benson
4e1a3534-9200-4569-bd66-5f51df6723a8,Rebecca Rich
b175b59a-f783-4391-b22c-423361b4478a,Jessica Taylor
61352c86-9310-4765-99ed-97a5e601a857,Katherine Odom
aae0aa6a-e300-4083-b377-706eccb0d172,James Gardner
76de5369-0852-4964-bade-058cb246efe1,Melinda Torres
172f31f3-1902-4b9b-bb27-f745186922de,Trevor Gaines
255b43ab-61c1-4fba-af35-72abdca19535,Dana Moore
5c38f172-65f2-4b59-aa8a-efbef7749c9d,Corey Francis
aa03595b-4c87-4bc1-9d7d-158071315d79,Charles Howell
93093262-23c8-483d-9026-5d8ebc336b5e,Brittany Hernandez
ede6936c-b3c8-45d3-8ca3-aa9a3c21b657,Jamie Howard
fcce6fd1-70ab-48c9-9168-a2aada05f08b,Carmen Arnold
06286b8d-819d-4840-8d9f-f93d1f04ca70,Walter Allen
1f46070a-6fa2-4c34-b727-5e76c7b3923b,Marissa Greer
dce92699-2ea3-4d32-95ad-cece7d5b1697,Brandy Dennis
1b522622-337a-4f83-896d-9cad94cc815a,Madison Mann DVM
9ecb7e5d-c301-46e3-8ffe-b9537fae0611,Sarah Yang
270953a2-e780-4ef8-98a5-d084f0782714,Tina Grant
ab6c439b-4e77-4390-9add-6da941829f1b,Nicole Hall
ec641819-72d8-4ded-a535-060a557c737f,John Phillips
4dfd9367-b91b-4c6e-80c6-87f26b30ac18,Cindy Gomez
37f6b214-05a4-47b5-a6a1-a1ecf8eff5f4,Brittney Bennett
8f21cb85-7d9d-416e-82ee-a841b8daf34d,Duane Myers
b6c8def4-ed35-421d-981c-2bb99e7fa0e0,Alicia Finley
44ed7515-d006-4e66-a7cd-bb6d41d6d6e0,Mrs. Denise Allen
0c9dd658-fad3-4a79-997e-a7068cb5781f,Matthew Green
a2793994-bd32-41e5-a8ea-93d38bcf6551,Kathleen Sawyer
e4eec1e8-fcc6-4b9b-ba6e-c1ffc452507e,Joseph Heath
5cd15bd6-cae6-4bb8-8abf-a55f0df6da12,Samantha Mills
79879630-d792-45f3-a2c3-5b0377dafe70,Daniel Wagner
a06a0db1-5a13-4855-814e-8d5652ee33de,Kimberly Evans
f343121f-f835-4ec1-8a82-9a49d59bd621,Cheryl Howard
64021118-4210-48b3-81c4-a38138ebd8aa,Michael Hernandez
f48bdce9-d6db-40c5-9d42-612215e7827c,Cody Vasquez
d1acd434-32d9-46a5-b28e-cd5f1e4d9bf3,Donald Smith
4928dc28-d962-4216-8436-e5263d6525de,Laura Taylor
65cc19e2-cf99-45b2-b03b-be4fcb240534,Valerie Russo
bec97257-ab92-4044-b5a3-907c7ed5f149,Brenda Daniel
188485f9-55bc-40f4-8dd1-98abc43c27de,Benjamin Davis
332d10e0-ca58-4f07-936f-409aa06e73d0,Thomas Horne
f774ace0-1862-4074-a96c-ed9ef748dcaa,Catherine Krueger
6c8363af-a901-4fff-898e-57b46d3a1955,Annette Turner
340eaec0-e684-4c37-9d22-c9b8bca3f44a,Marvin Kramer
6d268a19-a451-47a0-936f-b4b944b0ca6a,Jessica Brown
0715c4d0-812f-41a0-979f-0df4f45d4a38,Natalie Hatfield
1e14cfe3-cf00-4be2-a1ce-4e60e46f7dbf,Carolyn Ramos
cd848fb7-3012-4a11-a7f5-1d3f2c6b31f7,Zoe Graham
1e801a09-8388-4e24-95d2-c228383c41e7,Nicholas Mason
d37e4de3-693f-4cb5-903f-c7a748dec08c,Elizabeth Schmidt
e8428d18-6fbe-47fd-8694-97b24dbb475b,Michelle Mendoza
68ee05e0-5666-4ecd-851b-90cd2c62e2af,Amy Charles
a2d4c3ee-5867-4208-8eca-0fb998c68156,Sara Dominguez
fd0adc77-c824-49e3-9a6d-951737d32436,Gregory Rush
7339334e-42c7-44b2-9fd4-2a0ce64bcefc,Brian Fields
403b0fae-8967-4843-bcad-9d2bc8fd1bee,Caleb Wilson
20953642-7820-426f-8f69-5c2f6fdf0802,Trevor Pierce
5694f5ff-025a-4ff0-b503-bb729d75237e,Kelli Nash
c04b413f-1806-4db4-9785-3623aa168068,Amanda Young
3c4af34d-5a24-4bab-adf3-73a4754d46ec,William Wang
617d52b4-25cb-4b61-af3e-5440d746e3b9,Christina Hernandez
ba921f51-25f3-4435-b630-784b4a145f59,Paula Mcdonald
41bbcbf2-d6a5-492a-ba77-d36812cd5411,Amber Rush
1c5de27b-2c3a-4454-8a09-fc28b5a72029,Chelsea Blackburn
d98f4351-9b3a-4a54-8a7a-7e6220d6b152,Christopher Ellis
34cb5c5d-eb86-4fa7-b7ce-bcbbc77646f7,Jacob Mosley
74186e35-6815-483b-83ec-f13842952fc2,Adam Roberts
8e50010b-0c52-4a8a-82eb-137e439e02e3,Kimberly Gonzalez
12569419-4250-4c64-ba2a-70eede6d53fe,Elizabeth Walker
7f980931-3de3-4bf5-81e8-9b09774ebe3a,Nicholas Colon
e86cc77f-bfc2-4bd3-807d-52256061cb0e,Jennifer Martin
7c40a6ad-da49-4798-aa39-6e964a994abf,Scott Cabrera
fd06e868-e646-475e-bb94-e27c72d747d6,Elizabeth Davis
0eceb60e-3a74-48e3-a203-d38e4a3be7e5,Paige Gonzales
b802389c-2044-49d7-929b-69137595a43e,Louis Davis
40723596-4d27-479a-9436-5c0e104f3aa3,Cheryl Atkinson
04cb313a-0d92-4059-9be6-fb9f829463b3,Karen Oliver
647ed396-d88d-400a-b844-7070036d353f,Paul Cohen
ac9b94f5-1a2d-40f5-b984-9fd95aa875ed,Charles Carpenter
47e3b733-f1ea-4af6-adbf-0c52e9cb3efd,Ashley Miller
b742374a-7e66-4a95-89ed-8358d7d17acf,Mary Alvarado
8beafeab-1c2c-4815-8465-293c49be63bd,Wanda Diaz
49194fb5-60d7-4499-bb11-1a7ab0ea44da,Ryan Nash
4999f3a9-c57e-422c-99e5-58312a58518e,Derek Francis
e7bb082b-e620-49de-a52f-7e884104e607,Cynthia Martinez
5a1b9151-42a0-446f-afce-769d37cba36b,Leslie Mckinney
d6744270-4a8d-44e2-93d9-d544b74c9905,Dennis Sims
56507d98-7e25-4c0a-9679-406a3d50fd16,Sarah King
8b8b5d16-0190-4cca-b5a9-deb56a19e39d,Megan Faulkner
897de239-b09c-4a54-9547-79a35a22f71f,Kimberly Gregory
f652203b-17bc-41e2-878f-23c1e41dfd2e,Theresa Pennington
9099f993-0da8-484a-ac84-39be9449ddc7,Rhonda Watkins
db2588bb-f320-4e6c-b79a-6439532e391d,Linda Carlson
7fbb2c8f-8823-4a84-b66a-94bbdcdc321f,Jacqueline Wilson
96c34e5f-799b-4a88-9d7b-5ef1a1ad125e,Matthew Zuniga
01c3f024-bea3-496a-b6dc-c7093eb9c4a6,Leah Hensley
9c9fa3a5-f613-430b-a558-112828feb05a,Kimberly Coleman
5388fd2a-f0ab-4726-b379-856ea485b4f6,Gregory Good
4ce53101-3104-49fc-a097-c46878a5a68c,Adam Reynolds
3aeec126-26fe-4c1d-b9ae-d14e298a2436,Dustin Santana
2cc73109-8878-4939-bbbb-c9967774b886,Kyle Saunders
eaadacd8-5a66-45ed-bd5c-7543a568b86d,Evan Marshall
8bfe9bd0-9b8d-48df-92ad-c76857ba2d1d,John Paul
d74a59ab-af19-4b7e-bd1f-659526914862,Melissa Wilkinson
ebe46ee1-33f6-41ae-9cc6-d6cf67a44a64,Jennifer Atkinson
fd570959-744c-46b8-b408-a37cb90956e6,Victor Bullock
d7cf4e8a-7f0c-4463-8e4a-e5ce91d0056b,Jennifer Cantu
8a4abbd9-e996-4587-8a63-cff9cccce60e,Kevin Booth
2954aed8-42be-4458-92b7-63f8d611ffec,Dana Hensley
c14a7fc4-599b-47d3-a673-ae8b344e3ba5,Patrick Holloway
87361654-0d3f-44b9-950c-5aa899c13bd3,Elizabeth Perry
6a8066da-478f-4ac7-95ca-268910f9c9b1,Kelli Williams
475f6b16-3d29-4d1e-9e2b-72609c0d57e1,Douglas Brown
304943a1-d4bf-4dd1-a1c4-9eab42b1920d,Adam Murray
7e5a38be-ba14-41ea-951c-9f033463e324,Daniel Smith
b4af9f59-a15a-4ae5-93e1-39142b7342df,Amber Reed
6b8ad246-5205-4ef3-99d6-754bd2e7bf6a,Andrea Obrien
409904b1-ec19-4785-b106-08ef6b390b18,Christine Harvey
1f23e455-e567-4418-aca1-0cbed5901601,Brandy Joseph
527e62e2-c030-4339-80e2-37646faee495,Melissa Vasquez
b3e1af16-f185-449c-8cc5-a99dc76d1c3d,Kimberly Rodriguez
49c58429-8142-4e64-ae37-35abfeb04677,Manuel Hess
9a7d74df-32d4-40e5-9b9e-4a52c20e9e72,William Lopez
90c08817-f750-4229-a083-5fc4956d078b,Jean Young
183d1514-7b79-43ef-acb8-27c9c115c7bb,Ashley Washington MD
9aa997a2-163f-4b33-a90c-c08dc6d5c1ac,Carl Dorsey
178f992f-cad5-40f9-91c9-78b591a82631,Jacqueline Lewis
d8a20c30-1344-4a59-9555-593620842905,Gabriella Choi
e8edb53f-09d3-4da6-8ef7-e45916fa559c,Janice Bond
a62e1646-4e52-4044-bd87-65671ee5adf1,Savannah Nguyen
d99e3c49-c1a5-4a1c-9e88-dbd8e8d42b17,David Curtis
05f311ad-b5ae-4db2-af29-e862497708b3,Dustin Reynolds
72eabe36-3dad-424f-b2f8-59260a4737fa,Traci Hicks
c614039a-d4cd-4368-90ed-75d929e72ca9,Brandy Dean
83e7b6fb-222a-4833-af06-c4b49a1976fb,Jessica Grant
2f489740-4ebd-498b-a6a1-21626b0bcd2e,Stacie Cook
ebd8d6fd-c93d-4782-89c8-053858b17b23,Emma Harris
2006ba42-878a-455e-9cc0-380e8b013170,Gregory Wyatt
a33be7a5-b122-4c02-975d-b7aec56a3518,Robert Allen
848e4135-ba4f-4f5d-a5aa-155b562b02a0,Kelly Pearson
a43828bc-fd3f-4de7-97ab-2c72eac519fb,Dr. Matthew Brooks
cbf5fbca-1667-44a7-ae79-52ad3c86e2d0,Stephanie Campos
4a55eb2a-fe13-4efb-8f32-cf414bb5a497,Dana Wolfe
7ebf02bd-0376-47f8-b703-506fd4edc1a7,Heather Mason
f8039d77-85dd-4790-b7ab-0752fe77b519,Kimberly Lewis
d75ce1f2-4c89-4e4f-bf11-35c3a279abe8,Anthony Murillo
c4077cd2-b05b-4903-873e-96964e8516ec,Debbie Lopez
515acf11-e68b-4c9e-87cf-6e0173d6498a,Anthony Dickson
aa602dfc-539d-4168-b335-08836edab731,Dominique Reed
e67d4481-a290-4db8-9819-f493e310f561,Pamela Johnston
bbe28f15-ab47-40ee-b665-eda6777d32e9,Brian Brown
61f1bc03-f5d9-48cf-b506-0620419909b0,Brendan Figueroa
c08db0fe-a527-4862-953c-9a7d648f8410,Eddie Brown
a612fa5b-70c3-4d68-9549-b652d188b4df,Christopher Foster
70a1c64e-f796-460c-a534-fe3469e3cfbe,David Baxter
035085ac-d80b-49a9-aaa8-6ef6a38a9e4d,Nicole Bishop
c71e3be8-2737-42cf-a0fe-df9efe44dae1,Ryan Cain
35497c94-edf2-4c46-8ef7-9a981c2a63ef,Michael Leon
8836e4f2-77d6-4a9f-a26e-d6f337aa4202,Kimberly Oliver
bf69e1dd-a0f4-4927-bcc1-9c532a0f7ef6,Gina Bradshaw
5688ecd0-0e92-4c9f-b7ab-6399cc821e7a,Elizabeth Lewis
370b6089-8252-4a34-abdf-867779fad4e2,Kimberly Johnson
0b3f59d3-0eb2-4cb1-bf35-6995743df504,Brittany Wells
f09f57ba-9657-4b3c-bb26-041686bb908f,Melissa Larsen
b74531df-0a60-40c6-abbc-a1eb7570f9e4,Jordan Mayer
13e8e5e5-d502-4041-bc50-ccb4e625e100,Aimee Kennedy
39252622-75e5-4af5-ac14-9956d1303cec,Tanner Collier
3a675bd0-8eae-484e-accf-7287cbd04a9b,Duane Wells
3befa2be-200d-4d60-bab3-7f44330f3a8d,Stephen Smith
1b2c23ed-a070-4446-8f1d-99935f640ee3,Michael Gray
2720bdef-9778-4c18-bd42-6fd67432a1e6,David Thompson
5330f287-22a9-4571-bb0d-307d4c6b6d10,Lindsay Noble
b0541a51-ffb5-4a51-9790-1d8e90869009,Taylor Smith
acfe63a8-49e2-4fac-a255-1817a0cd61c1,Anthony Jimenez
030a6e4a-d766-4793-8315-cbec775edb36,David Reed
b3cd4f9b-3452-4c31-b481-c39c7456cfc2,Andrew Rosario
37230765-3447-4173-84d7-570a3ab3cf27,Troy Lynn
232b280f-b69a-4c32-a7b4-adef47b1b33c,Sarah Porter
d0b8aa9f-7ceb-4d1a-ae10-e733078cacde,Margaret Hart
0f432b19-f40d-4591-9e61-db7e661c9cee,Robert Marquez
6c480e4b-654e-42ca-82a8-5a2f9799b82a,Patrick White
43d856c6-2761-4fe2-bf80-642f6ddc6e46,Carrie Franklin
ef7fbbcc-b034-48d4-a660-90f9bcd90387,Sandra Farrell
6cc8ae75-f14b-4e58-9b8e-ee49fdca476c,Shannon Yoder
86ac463f-357a-4b4d-a589-5324f1ab9d63,Thomas Martin
85b84400-435a-436f-8188-d5805dde7508,David Perry
a151d965-e314-4cd3-bb64-559def70234d,Justin Turner DVM
186deb57-d3dc-4e5c-a4bc-012604233f6a,Kimberly Cherry
29b017bd-dd73-46c9-ba12-11bc71ab05da,Edward Whitney
e5a436ef-a37e-4843-a1c3-9ba0163d4f32,Kimberly Stark
e6e6d0b2-0f62-497c-94c0-3cb43dc572e5,Shari Mills
0e4cd3ac-7330-460b-b7dd-bde4788c22da,Patricia Johnson
95a242d3-398d-46e8-acea-90e434cab874,Stephanie Campbell
3bc04fa2-11c2-4bea-a8a3-9dee90fc7968,Laura Jones
a341c606-aed3-49db-a139-3b8443d93357,Daniel Jones
4b43f8b6-937e-49c2-8166-87274a1ed14e,Shawn Burnett
7789d9fa-eb26-454c-9c5b-55b6ef2dae64,Paul Gomez
79d292be-2316-4902-a7d6-b3f7f95cd4a7,Kristin Benson
9034da03-b33a-4094-b4ad-47bb154e903b,Sherry Thomas
2b0eb8f5-b268-46f9-bf65-03eee4107e01,Corey Rasmussen
b3e4b659-b437-4fd5-ac12-45d682ac9742,William Garrett
1e1fec50-e393-4e2a-88bb-851ca594b1c9,Teresa Murray
8cfdf82d-d9d8-42f3-8f5c-0c70cdff0bde,Casey Miller
b3a45645-58af-4da2-8d4f-52bf4ddafc26,Mitchell Thomas
7f995bfc-ff2e-49cd-b32c-0ec4add54745,Sabrina Brown
6f0c8b34-8d18-47ec-ba34-497a3ab4ce98,Alyssa Cruz
460ba7af-cf8a-4926-922b-3692a8189a23,Christopher Mason
5a11360d-4bcd-4ea8-b3fe-4fa8f907c6b2,Madison Austin
accd9fe8-1c6b-40ef-83ac-8adfa351bd8a,Rebecca Roberson
f95444c0-8a1c-4892-a770-67eeda072306,Andrew Johnson
f3ca0f62-6b74-43e4-a9cd-4a1df7ad5dde,Sean Barnes
9ee91e6c-e38c-4be0-abba-0eef2fdf10bd,Scott Webb
4afe2348-c1b5-4cc5-ae7f-2ad92a2e4a81,Michael Steele
a06f08e8-e752-4be1-b9d1-ad2da27ec466,Theresa Williams
6e39cdaa-caf0-40fd-a015-fc9e0afa2e39,James Brown
3c60d1f0-dcd1-4f0d-a45c-5b04687ea220,Michelle Velez
ad187a24-e257-4dc1-84a4-d2e350566aa5,Destiny Simmons
227d37a7-6f4b-418c-b7a6-8d211e7a5850,Jody Foster
025e2250-0a57-475d-ac35-10d31317dec7,Laurie Ortega
cfae87a0-6101-4624-b4ec-4f115470c461,Jason Chung
db6f06bb-4593-4fc6-a783-47fd9fd31e4b,John Evans
e8c7aa65-0cdc-4864-881b-ab3d1125fc75,Cheyenne Briggs
d778ce00-69c3-482c-8531-2c025bde4a67,Donald Peck
cd36a39b-1a0b-4b8d-99f5-36f65f5763c3,Scott Jackson
39e02762-c191-45aa-a804-cf3b6de4f6ed,Daniel Schneider
c813bbf4-ca5b-45ae-9885-6dfea7767d0b,Natalie Wilson
367afbed-27d0-4c89-9db5-bb8e6f64ffe5,John Collins
3dbb3db9-5879-4ae5-addc-f718c8150529,Misty Townsend
a5023ddf-3c02-4bca-bb90-cf4553e695ae,Jason Garrison
bdc395ed-4bc1-46cd-a648-e44bae44175f,Cynthia Johnson
01413fb4-16e3-4be9-ad99-6daeed24f938,Michelle Olson
181e0f28-8b64-42cf-a451-5d0221ed2eb7,Deanna Kennedy
d27c9e0d-169a-4240-9be9-3f4a0fb83f20,Joanna Hodges
f932b04a-ac1a-4f25-9944-7cae49c2bfa0,Paul Barnes
4beeb421-df34-4d83-951f-18d88a61c95c,Jessica Bowman
475126c1-02a7-43d4-a394-9210c23f728f,Alexis Gutierrez
53073420-3158-4df7-827c-8e8d1be812eb,Sara Stephenson
09416d18-15e7-4149-857f-843bba398624,Gary Ellis
61ba93d1-ac07-43a5-8cb9-43613287a749,Carrie Johnson
0bcc9330-2d47-4f7d-9c8c-c81fe60678a4,David Foster
2507cc51-d696-4907-8a7e-b7dde14158e3,Veronica Farmer
5f1f8fec-897a-47c6-a3d2-d60d1f509680,Natasha Johnston
dc5784d0-fe76-4e5c-8044-e43a746c3e05,Janet Jefferson
16a47cae-03ae-4894-87aa-873855f20085,Elizabeth May
ca6725f7-a9a4-4c4f-9d78-9b051cf027a5,Nicole Perez
8ea4dce9-bafd-4062-bbf3-65aa0c2f1461,Aaron Williams
144655b4-a513-4be9-91a9-43985d0737e7,Melissa Roberts
a0fe6953-2b0b-403e-9f71-8e4a622c8cc4,Anita Mcknight
0057e68d-2e0b-4dca-83a5-3071b626f265,Michael Santiago
19a3ce0f-1758-45a8-ab8d-96bff6cb4f3f,Amy Farmer
6bd3b9b7-8678-480f-8fde-9bba36288978,Mark Smith
0e6f8ec6-9d43-4ef9-8e8e-78674ced3dbe,Lucas Fields
c2e5c397-4624-4d76-9440-a327738df083,Amanda Wolfe
756f87d4-e2e7-488d-8781-36176037e99b,William Oneill
0318277f-576f-4618-b24a-56e10117af48,Cynthia Gonzalez
1303d0b3-220b-4afc-8f6c-d65e335d56a4,Anthony Rice
7b7aa099-e93a-45eb-afdf-1621e4ae14f2,Kathryn Mendoza
7669b739-3071-4891-b20d-9e7c9fb45825,Michael Cruz
f5c52e88-6a28-4370-a0c2-d50b322f3761,Teresa Summers
f97064e0-d8a0-424e-8e84-87bce4e63c68,James Robertson
8bf4ae89-f401-4370-81fa-fed136eb59f7,Amy Dixon
beaa4fb0-9a8e-4cc0-abcc-5c2efba7e973,Amanda Herrera
2560d20a-85ee-472f-8487-44d90605477c,Arthur Mendoza
e3761a8d-f715-4c3a-97e1-c056f9cbfd0f,George Ortiz
f8777e68-2397-400f-bf12-f1af32d75ea6,Stephanie Castillo
cc8fa2f0-5965-4f09-8074-552928f10dcb,Kimberly Wood
881bbe1b-7d8a-4346-9c9c-2fe9c40c7e8a,Michelle Barton
b35487b9-7cdb-424a-871c-274a099683b7,Michael Bryant
fa358802-04a6-400d-be00-5601b5fbed59,Tyler Ramirez
a82de0dc-e059-4c97-bd98-5fbea8651b42,Susan Meadows
01ebd3de-413b-4e34-be81-04e8e0254b03,Jaime Hester
3d0c1020-f0ec-4e20-8a1c-e1799f4fbb07,Melissa Martin
763a0b09-02f4-40ea-930e-9f1c3fd21c93,Victoria Edwards
85b5945b-d212-4fa7-a17b-5d1158a17c8a,Christina Gonzalez
a6d5ca7a-7757-4b4d-b287-f18abfc976cf,Miguel Palmer
a093e224-f948-4b81-9eb7-f459c6f6a1bb,Henry Zamora
3981ab76-3c50-4892-840d-c29ecabf2aa0,Dr. Melissa Russell
17c337fb-362d-4b8e-8104-26c45df1bcf0,Hannah Davis
9ac930f1-2cae-4c79-8076-1d740ac50bba,Stephen Mercado
18514269-01af-425f-81b3-cc91616a6cfc,Dustin Andrade
487e2a72-b3db-422e-b348-9f31a90c4bcc,Melissa Davis
775bbc61-3901-4e00-8016-c753c6e21738,Mary Ryan
88890c6b-85cc-4268-8074-460d5628636b,Anita Pierce
0eb26e1f-9c9a-4efa-9f6a-abe6893d696a,Michael Murray
5259b8bd-5f0b-4e4c-9385-4a918af2a6b9,Samuel Thomas
bd963129-d5b3-4245-8494-b00f7917a5eb,Kenneth Hudson DDS
add49854-b56d-408b-90a4-a6e3a28c78cc,Jay Cruz
0a28d3c7-bf45-48b0-9843-f837a1d1684c,Dana Smith
8f967bd0-5695-472d-88a4-60b9af9030a2,Alyssa Martinez
03d5dbb8-2042-4f39-a166-225c91b67538,Diane Hunter
beed64d0-1c29-4484-8e37-b526de9870fc,Robert Lang
cc1dd1bd-0ecd-43d9-a941-76ee44f7ecde,Shelby Morales
a479fc34-3269-4d80-a13d-c4e178d53a56,Casey Barnes
bc052d69-275f-4367-827c-6e7913bff04a,Crystal Serrano
93c679c7-5eca-4bb6-88c4-da29939e26ad,Bruce Cole
643a9281-bfce-491c-8b16-3352d5fcec94,Alyssa Alvarado
0f27e8ea-8f0a-4b35-91e2-c2fdb876ca25,Christopher Graham
3d28e678-311a-4be8-9570-38eb25a0cfc0,Jennifer Manning
2fbd7add-c7e8-4d5b-be1b-f332a7d416cf,Virginia James
f67b03f0-1965-4dfd-8b74-2d82a23a7b65,Angela Hebert
ffd830ce-26a2-453e-8d53-108b12a6648c,Christopher Brown
ae783ef6-d45c-49c2-bf6d-9d30bf1e54f7,Alan Cruz
a3ad3043-9ae0-48f8-8ab0-a595f6d4338c,Melissa Gonzales
9db0daff-a313-4b94-a9be-42d142112e73,Christine Wilkerson
c3f1b2da-b813-448b-b563-b3bfbbecba10,Ms. Mary Parsons MD
11c43f19-ebd5-4f83-88cb-7118887ac2ba,Jennifer Patterson
d57b46d3-ea7b-4fc3-86a2-49dfe7df45aa,Gerald Odom
ca0e1c42-7d95-4025-adff-50a1cf9a6c8d,Sharon Johnson
c90819a6-02b7-485c-9a98-4cff17f35607,Daniel Chapman
2c07d7db-dc56-40e7-b2fe-85b15e91d463,Shelly Benitez
79d19537-9906-46c5-a406-673219e6c863,Jessica Heath
1db7e5ee-ad86-471d-8010-2d9d376ba0da,Rebecca Thomas
857d3b3d-2e4c-412c-b2db-0bc4becb4f35,Keith Austin
5ad05299-3b8b-48ac-b4cd-0b77d9343d85,Jerry Wilkins
17eecee9-0f40-4bc8-a833-33fa7cea68d6,Andrea Moore
1273a1bc-b164-45e7-89a1-92c4490c2555,Garrett Martinez
a3d61ac4-c681-4888-ad7b-a9eda8c8a1b7,Tiffany Bass
94d6822f-84ca-4c06-a21d-4b62295ca706,Robert Riley
7a426118-fa69-4d73-a1e6-651bfc781211,Walter Saunders
7383790d-fc52-4917-864c-897ad229ea47,Andrew Cohen
9360b292-1116-44bb-b56e-13853e8b4367,Paul Green
084916d2-a66d-44c9-87ff-649666395bf2,Katherine Wood
d79452aa-ff8a-44c8-b71d-1af79166649d,Michael Schultz
c376d9f2-dff7-4ec5-adbb-613044f0384c,Jessica Duke
870f5cc4-1f42-4474-abef-ed1b16917929,Sarah Ross
b7631a90-2017-4d90-9aac-ce52e47c0d81,Ryan Martinez
36aa7ed5-ab37-4c94-9b85-76556416935b,Matthew Thomas
12ba3b3d-3a5d-47bf-abc1-3ce5ef24d41d,Jacob Mccarthy
1366f023-ee69-4ca9-8bab-4ff6278e7df9,Bridget Vasquez
f81b2850-9b57-479f-9873-e12eeee640c9,Valerie Howell
dd88cdd7-bcd0-4587-a785-ccd62feb6516,Tracy Powell
1c219a63-666b-4977-820e-6c37959a2665,Valerie Bonilla
3718104e-c842-4b3e-ad53-c81805a50ed7,Teresa Ortiz
c5e566be-65f4-4e16-bdfe-f90f285a5b2c,Christopher Kim
5bfdaab8-39f7-4b97-a981-9b8a3f22e97f,Dean Booth
fadaaa45-1655-4b5d-8a74-31720e98218e,Eric Mack
51f77915-bb0d-458d-bd0a-e14b4726381d,Melanie Scott
2d62188f-060f-4138-bce0-df823188e666,Lisa Pierce
5954a5af-6201-4744-91b4-8a8661c6451d,Benjamin Turner
cf96e4e1-65cc-48d2-8d02-46c0c0f222fa,Ellen Crawford
1511a601-2cc3-4758-89df-fc742b399c3b,Mark Brown MD
e0818994-b933-4740-8575-2971852861c5,Teresa Moreno
78be97fb-5ba4-4b0b-92aa-ac1ddcd2221c,Thomas Armstrong
21de7821-0f26-4c79-954a-1ef5ec8d4cfe,Pamela Peterson
8b8642ed-de41-4b65-991b-594ad9dcf2d5,Daniel Gibson
78b7bda9-8d48-4d74-ad61-dacbb88a03b2,Linda Williams
acbd711f-af92-4ca3-a31a-371faa3a8584,Daniel Wells
230dd06e-7876-437a-b609-8309c381f8d6,John Henderson
06ef0e81-04cf-4fba-8ea7-98873b4ed79a,Glenn Lee
1dfa1989-b458-4a2c-a342-1d84d03589aa,Brandon Lopez
08fe09d9-748e-48df-a34c-f60e1d547abe,Lynn Smith
2986b636-85a5-4010-9c56-fdd503258e42,John Weaver
5f484db3-6ee8-42af-9f6d-4b8a81b6c769,Tammy Green
86126534-eeb9-4ce6-93a4-8be8ffaf240e,Cody Perez
7fdff4a4-f988-4e11-b722-b86a005be3b7,Shawna Williamson
2ea69dd0-6322-413d-b744-e6a4b89d9adf,Garrett Sutton
97552030-6ecf-45a9-9d06-8abf23a9304d,Robert Marsh
eb37445d-1e63-4814-b071-3b0a7ce257cd,Alicia Clark
86fcf5e0-8452-4270-b342-533e06f0ddc7,Sandra Gordon
d9e39f03-77f0-455d-8ca0-de75275856a6,Lori Murphy
41c287f9-8d62-4b72-b010-301437dc3b40,Laura Mccarthy
2f796a1c-3ee6-4729-b5fb-338c5c9c7256,Jeffrey Bailey
cd8a8afc-c1ed-492c-883b-f9e46d1af8fb,Leonard Jackson
8f3b9a4c-ad42-491d-ba40-ded2efbff57b,Jeffrey Lopez
050e2bb7-89be-4cef-aa11-53362dc9e20c,Anthony Waller
db68028c-dd6a-47d4-8b91-f68a3bc0bad7,Manuel Mooney
921af140-3b10-4a5c-b101-15eec6026a7d,Daniel Marsh
6551368b-a4eb-4af3-9f9c-88a98deba6ae,Adrian Harrison
ad1be833-7e4f-4744-8658-1fad775755f8,Kathleen Goodman
b021f3f5-845b-4953-b395-300482c78135,Natalie Johnson
be4cf582-519d-48f7-a74b-891009ca4ace,Shannon Baker
66d27980-56b8-449d-a168-62da9d4c866b,David Byrd
41bbcd61-4324-4186-b422-7f23febd174a,Karen Reynolds
6166946f-810a-409d-a660-e304bd5e13e1,Daniel Monroe
7af3141f-afbc-48a9-bbc3-30396f506e39,Elizabeth Lynch MD
7fb9e0ab-00a7-4dbc-b7b5-51ab332d83a2,Justin Chambers
5b0e094c-6202-4fcc-9223-9ea0be4ff1db,Daniel Cuevas
1ad9796d-e5f9-4d4f-93a4-241ebfcee31d,Dave Murphy
b72d423d-7b14-4384-95d8-5ad56f53c672,Grant Poole
4bcfe7e2-f883-4dad-a431-41260ecec677,Amanda Bates
0f0545b6-4d46-468c-bfa5-a888da65179d,Kathy Nichols MD
e6f7f8d1-72f9-418d-957e-0557062deb5d,Jon Rogers
14470e3e-9bd7-41be-9004-abe7bdce7991,Heidi Branch
8f5480bd-b23e-437f-822e-761aea0cbc3d,Katherine Lutz
accd33d5-9f62-47ed-8597-39fea5eb4a8e,Jerry Thompson II
5c75bb9d-9f53-4d49-8af7-0af0ce8bbf18,Jay Cunningham
a47eafb6-e77e-4d34-b1ec-05f289613e89,Frank Montgomery
26fc30b1-1b4b-48a7-9609-465f9da55bac,Crystal Porter
23515ca3-c803-4775-aa6c-bd24fbaebb7c,Glenn Galvan
38ec52fa-3b5b-4348-8953-d9a75c2c4991,Sandra Duncan
b6b9bb34-f955-482c-92b3-b4cd7be873c7,Eddie Glass
a83f737c-37da-4894-ac8b-9719f78d5e25,Charles Pineda
f667bc81-a80f-439a-87d1-e437547b9445,Matthew Henderson
20c69528-736f-4cc5-8ae5-5f9810f57d10,Tammy Patel
69610003-cf5e-4ac7-88e1-1c362f549956,Jonathan Davis
6625613a-edb7-4491-96b4-d27406171243,Steven Williams
6d36b173-f972-4077-be00-60ebd2f1af2d,Gabrielle Hill
113a2d0d-c312-46f0-a511-627fd6486672,Heidi Smith
d112e28d-5fcb-4f61-a5da-30bb43ad5975,Mary Pacheco
cd5d1ef7-4a5f-4fad-b457-ffc6e00efa0e,Marc West
bb868977-a2f5-41a3-b334-d2217599de4a,Natasha Carter
e6af93f4-85a0-4d45-8bbf-947a0c39ea5f,Wendy Sanchez
ad21d7d8-36a4-4833-a676-e6ea5a03ca20,Thomas Williams
6061170b-86cd-4db5-9300-550c6c4c34e2,Steven Walton
7ad7c467-5d65-45af-a62e-60f4fff58057,Teresa Perez
7ee99f5f-c803-457a-a91d-bb4185476177,Kristin Payne
6958d65f-55a3-45a7-9292-724316788a72,Jason Ashley
e512895d-1e77-410f-82ad-1f0ebf2fe902,Douglas Hill
21ae9d62-a869-4d49-83b5-6f41bd1148bc,Kimberly Mccann
c0f6f689-ba25-40bc-8aac-8f9954c409f2,James Cook
c6fdfb11-4dad-4286-a81f-1d2d78c0fc00,John White
4fcdf054-f8fb-4ad2-a4b7-1f08f355f04b,Charles Edwards
3810e3c8-ddd1-46db-a1bd-925a7502728f,Christopher Townsend
92e25711-a5ce-4526-8b52-eebdf4767f04,Monica Bender
da4f8479-feee-47cc-beb5-8c92c8c72371,Courtney Evans
0b5c4733-6822-428b-82d4-1dce06c9be84,Brandi Jackson
f707bb49-53ac-4c13-b9b1-0a0d3d3bf86e,Sarah Thomas
dfe118d2-e9cf-40b1-957e-9c7701a5e46b,Amy Mitchell
a7009919-a0a8-4048-88dc-c376b5e2ebf6,Andrew Aguirre
711e9fc4-e681-47cf-87dc-ebfb237897b9,Lauren Jackson
d9fcba83-07ec-4d14-b92c-2f54ea63eddc,Michele Moore
b4b2a30c-c8f2-4d5e-8467-623ca8d39cf3,Stephanie Anderson
201ced71-96c4-495a-894e-5ea72838d861,Lindsay Shepard
815b1a2e-5eee-435d-bd44-a94e8fc431a0,Wanda Osborne
2f2f5f1b-2bc0-4f13-a764-c7fc0529b481,Jennifer King
da47950b-b12a-405d-86bb-ab57ac587aba,Francisco Meyer
79b9b95d-299d-4107-b83c-b7a4ca0c2d7f,Jacob Ortega
6c2c5f7c-bd55-47b8-94bd-2792a9fa2714,Shawn Williams
4fd27d2c-8dde-4d90-a74f-876e372eb4f4,Amanda Hill
3488bcc0-3aed-4847-ac97-5d2bf6205fbd,Jeffrey Torres
ab8151de-f3f4-4a5b-9fec-2a7cfda48177,Sarah Smith
99ffc1f4-32fb-46fd-90c0-c9af38c6d340,Carla Murphy
419bf550-7696-4c52-b622-f267c4f49e84,Savannah Murphy
85152a50-6161-4237-bb0f-141162f7ab04,James Mitchell
b41f74bb-a6e2-47ce-ac23-2e3004b66047,Ryan Wallace
6332d5de-6131-412c-9c5a-a879ff5f4882,Scott Chaney
e2704574-34da-4515-8356-e310e9d36dfa,Anthony Green
ba11e227-7c35-408e-9e41-e41db4ca2ac0,Peter Green
5560eab2-67cf-4aa6-9aaf-08c4ef45f188,Jonathan Moody
b876a75a-cdcc-458e-a1e5-6c76d9b8720b,Mike Mills
00fa36ee-7f35-4689-8e1f-57f3d32a26d9,Steven Huang
3552bb15-f39c-4d35-85f7-d736f81fea21,Diana Rogers
b0fb1256-c1ca-4ed9-bfe9-7c3ee63e4649,Joshua Proctor
c734be17-79e5-4b1e-9fe1-be3f04fa13b8,Robert Patel
12f0c8f9-f875-4463-be4b-e0189cf054f6,Heidi Davis
72a339d2-170c-4459-8bbe-1bdf83e3c069,Cheryl Jenkins
7da73202-2656-4f43-b447-e7408e174c0f,Emily Briggs
ae81fc64-3c56-4e17-999e-77e624abb67f,Linda Johnson
439913e4-254e-4b77-8f85-e02821f9200e,Mary Owens
fc0ef292-0752-4e24-853b-9fb4b10e8f2e,Rachel Sutton
97f70578-5e66-4f7f-a2c3-20dabff9709b,Todd Cook
5320c988-29dc-4943-b006-1d3dfe6e2780,Mary Ramirez
fddabcb1-b87a-4a1d-92a6-a9c28ad575e0,Michael Mendoza
99e01fe5-747e-4d01-b0fa-11d50aeebbff,Karen Pugh
547c74d6-127b-4cf4-ac57-cf4c7ade23bc,Aaron Smith
6cd7a6ec-dcec-4421-aa5c-537f562ac0e1,Kelly Miller
7e56a7e4-cb9a-44db-bd1b-ab1f41e4ed91,Mrs. Stephanie Riley
2f4f2c17-cd85-4c6d-8eb3-39f77a4dd0b4,Ernest Martinez
2b15135b-ed50-45b4-8509-bcf14ba33a40,Christine Miller
4ad177dc-3b9b-4bd9-9a4e-c9760fb1c9ed,Jill Reynolds
7eb1c191-7c35-4e3b-a16d-a08cf848be67,Patricia Webb
387a07eb-4b03-4fbc-b4ca-0dddd7f17628,Dorothy Schultz
c3907ce4-e27a-4c37-8653-9b0f67d1025d,John Drake
874f95a4-fd55-45ce-b883-36bd6a81432c,Dana Williams
04ecc3a0-5453-49a2-8438-3f933bf5bd67,Tracy Santos
136fb253-cf54-45f4-95e2-21bfd2ee55da,Omar Reeves
9e82cd66-8e4c-4704-9249-f654d542df0e,Amy Johnson
18836219-0723-44af-96f6-e77de31fdcf5,Seth Ewing
da76d0dc-9ce1-446f-b1f9-e2b6ee15c7c3,Sheila Lewis
c3b969a3-5321-4174-a2f8-62de74fb2944,John Gilbert
abb204ef-581c-4553-80b0-3deeee6a8438,Pamela Rosales
961046e1-661c-406d-b8dd-2d34bb713f27,Cynthia Frazier
6ac812d8-5f7b-49d7-a578-3044ad1f58d2,Mary Martin
e3f7aa7c-0a41-418c-97c3-95838cf2a9bc,Gina Green
6d1fe418-4bf1-4a90-b5e7-7c2228c3d7c5,Erin Murphy
71901b07-1114-42f7-a94f-770473d38609,Nichole Brown
7993f2d2-26fe-4dd0-a668-3c8bdc7a770d,Jacob Ingram
15ed5d84-9ad3-4d6e-a056-87218357f5fe,Justin West
7579e1ff-b0d5-4ef7-8977-25a6da07f353,Mrs. Melissa Bernard
58847372-092c-4c31-bb28-0ecfdbfa891a,Raven Johnson
1f1faf15-642d-44bc-a4a9-dac327985461,Ms. Dawn Wyatt DVM
37b543b1-d23c-4156-8af1-37c591972d73,Courtney Martinez
4dd65747-bb62-4ec2-8ee0-98ac3b34922e,Jason Jones DDS
9385e64e-f936-4e1d-8943-eeb67dcb5e15,Michael Davis
b0d53449-0304-4644-9db1-2a92662dec15,Joseph Griffin
e211e297-e32a-446e-b9bd-fb37df402610,Shane Barber
92203222-b25e-4db8-a74e-4c8abe609376,Anthony Silva
48d2b2d0-94c5-4569-9a11-34c83929dabc,Blake Matthews
ce81f5e1-bdfa-4b29-b6bd-6f602f01e6c9,Philip Haynes
353e4609-ecf3-40e3-b035-5f42855a2947,Taylor Smith
3f32eb70-97d1-4a4a-9aab-e2bee688bfd9,Melissa Wolfe
ba4aacf5-3355-4c9b-80ff-567ab8d5a358,Maria Cherry
19c08d34-f569-4ebc-8f4a-3b5836f7c4b9,Shawna Knox
3b52a852-b1bd-4287-8bd6-9d646646b18d,Chelsey Ramirez
c9ccca43-1613-4e66-ba45-b73f7bb6fd35,Courtney Roberson
b968c0cb-3f7b-4175-afdc-280cc3003c63,Brian Bradford
7e370153-af49-49e8-993a-659250d5014b,David Smith
7bd26270-cddb-44ea-9b00-1160e71cfcbc,Melissa Mcknight
4eb9679c-25e9-4cfb-a89c-de742f921982,Richard Owen
1f1db662-c1b2-4b75-acd6-a23b4f00dfdd,Mark Guzman
10430733-ac70-46ab-ad67-17342ad26c46,Tiffany Zimmerman
d92d465a-1b01-4bbd-9335-058eb11c2d89,Benjamin Rice
6f37e090-f63a-45f3-802b-95c84adac341,Nicholas Ballard
bd7fe3fc-9a8f-4156-ac30-032b10472c6e,Ryan Lewis
40f02403-ffff-4d25-aca7-3882cd508b99,Amanda Harper
9f38511a-c211-49aa-b98c-06391e7a9f08,Manuel Price
7fdeb4c4-8cfe-4948-851d-eb5c1a83ada7,Angela Huffman
54a09960-fe2b-4268-923b-2f2d7015f938,Kristi Keller
7a6458a1-ca5a-4ccd-b0b8-3771b57cf230,Emily Anderson
f9fa83ed-a815-4061-80ef-ccf5d338a5a2,Ashley Jenkins
e4989abf-6623-4e83-9769-f5a67c145808,Joseph Smith
8e21d5e6-64f4-490d-a4c3-80e875467fa2,Jacqueline Pineda
b153fb87-6e3a-4f4c-a7e7-a2ab7be592dc,Ryan Rose
5e887896-c9c2-4dd5-87e9-762cbbfad887,Mr. Alfred Reynolds
99e59640-fbac-420f-9beb-165660a0c288,William Trujillo
e030655b-62fa-4417-bb0c-99388576e90f,Michelle Williams
3f076c1f-92c9-449e-bb09-8af114cdfff4,Katherine Spencer
434607b6-6eb3-499c-a8bc-87e4d505f9ff,Dorothy Arnold MD
cff7fbe4-0ee0-42be-8fe2-c8d1a01061e8,Dr. Lori Nelson
f4d664cd-b6a0-43d7-a4ba-73894c724713,Emily Hall DDS
e39d2e05-9e63-4f4d-a578-0faffe646d81,Melissa Austin
12e6505b-3f01-41b5-b6de-b125ba2de9da,Paul Grant
543427b4-534f-4a7b-8121-37df9149af1c,Christopher Owens
90200116-e20a-498b-915a-41f82b0589e6,Jonathan Johnson
4e2340ac-fe51-4b85-b8eb-7112c8f2fea4,Carrie Welch
3197910c-ddbb-4c8f-99d3-f20495920006,Tina Collins
6183c60d-3338-4040-8634-b1144faba622,Paul Black
96c17ebd-e2de-412b-9212-1a4a2a3645c8,Sherri Hernandez
52f935e1-fe51-4fcf-ab6f-28c0943cd885,Jordan Atkins
5770f8ef-9e24-484b-91b1-004cdbf0c95b,Audrey Marshall
e1543805-6b09-453a-b040-41164eb972d2,Brent Barber
845129dd-36a2-4b29-b41c-bcc80c75c163,Tamara Odonnell
5b67823c-c11d-4fd6-a512-3a22f38b1d33,Dustin Clarke
6ddbff4a-a452-43a1-be60-39d358f05f73,Shirley Stone
c3b48e18-0ffd-4d3d-88a0-fafd1af2c7fd,Regina Chen
9d493cd6-daca-4f2c-a42d-e381ee785383,Anthony White
f6070bc6-17bd-4089-bbaa-80d95c710c81,Kathleen Kane
c9ca6d49-1c12-4169-9002-6d15f77f90da,Robert Lane
58478d26-8147-4cfa-89c0-1a8d1921d4c0,Kevin Evans
8cfa1059-a22d-40ac-8fba-0e4d760ac456,Peter Ross
0b587fbf-a9ea-46c4-8e80-6cdcc817bf3d,Kevin Mcguire
169f9975-3cbd-46c5-945d-c46783a94257,Kimberly Nunez
d04ca243-33ff-40fd-b630-c01fc98bbe86,Mary Nicholson
7586615a-eb45-485a-aea1-ae5e93d7773b,James Lopez
6c821dc6-5386-4500-9a45-958fe904e8f7,Melissa Brown
1fe60af7-7c37-42ea-851a-c10466333b92,Nicole Morgan
f53eeb76-16d8-4739-8a0b-c154484d8755,Julie Robinson
79c25c57-f8b7-4772-9d5e-f4845c959b1f,Mikayla Rivera
f3820b4d-7a71-408b-952a-9f80b1a567c7,Timothy Long
e3810491-e585-4a05-9b96-309958d0c131,Margaret Lopez
6bed2d92-75a6-4b1c-95de-c3af348253fa,Jennifer Porter
eff98bf2-6491-432e-8430-083f199a8155,Patrick Shields
65591cca-1d08-4452-891d-4187461a71d4,Dale Berry
52e17b8b-9b63-4616-a8ac-a6fa12c99886,Tracy Munoz
cfb98f5a-4abe-49cc-b5c3-28bd43e047ca,Susan Humphrey
5ca5f996-894d-4c23-9c52-775d13aeaba7,Ashley Smith
64e0f09e-8d9d-4741-8ece-39f3ddc2a921,Jennifer Davis
bca096eb-7b01-4680-85c3-99d877f1a0b8,Justin Leon
335d4117-5319-4e34-8c72-7301e1167f1a,Sarah Smith
de15d44d-339d-4d35-83af-33fc22b3692c,Erin Baker
9072f5b5-e362-4853-82e1-a9e46d1de23b,Matthew Grant
fedd1ac1-24d3-451d-b71c-7076d6057d3f,Donna Collins
f2e62e65-11b0-429a-a7e1-aaa13be97e2b,Michael Fernandez
445abc68-fa94-4e11-b296-433ca54e1644,Ashley Santiago
9b5c935f-aabe-49b4-b2ef-df58698480a4,Michelle Conner
1e695787-25e9-4c95-8fa3-f1abaff4362a,Dustin Sanchez
f42ee4e8-ab44-4dd7-82d3-fb1dbe4e3208,Brandi Douglas
b65a1fa7-646e-4f25-be06-9886ce610405,Robin Reed
14354924-07db-428a-88a4-1527326936f8,Victor Ramos
a2fdbec3-2646-4d12-8684-ba58d340edd9,Katelyn Thornton
b4dfc829-7c5a-41d1-964b-238b58ff77d9,Derek Brown
931b4b3d-eb75-4f41-b641-4f74d19f8f93,Cynthia Thomas
81968497-db9d-429d-a342-f9b70e71c43f,Jeanne Morrison
123ddb1e-faa8-447c-82bd-58281a9cbd00,Connie Harrison
4686c52f-c7de-4342-ad46-0bae1c24ec9e,Brandon King DDS
f8c51840-65d4-4787-aced-e25bf5c99cc8,Sara Spence
8edb3161-f2ab-4203-9e42-ea299d6c3944,Jeffrey Durham
617e45ff-f13e-45f0-a9ab-cee9a582baa9,Katherine Martinez
d0e0832b-d60d-4aad-a799-b8df1b97c07a,Amber Clark
248b56b5-f310-4808-a974-6413fa45e1c5,Billy Burton
6b8fd85e-867a-476f-8ce7-22f5e31f7617,Joseph Robertson
999f9655-716a-4926-89e1-6cd2d5b49b37,Brittany Thomas
34be06f9-a0db-4daf-b7ef-f19254e1213e,Richard Lee
ff380865-2394-4ee9-b6ac-e798f7693897,Jessica Best
e16a4b1f-5571-4d17-8541-d38b1552c953,Tiffany Logan
9733701e-11e5-4380-91da-e47b63b2160a,Edward Young
eabb52e3-5959-41e5-98e6-3adba5f1089c,Nathan Cox
c242986b-babb-4621-a4ad-55b094d4c848,Diana Robinson
6c4d9fed-0dc3-441c-8af6-f8b971c4945d,Nancy Austin
0091cdd6-8dbd-4235-a23c-e61d90a14ad4,Matthew Rowland
eee84f14-1d2a-49e2-a258-3ce3260b9cd7,Calvin Strong
04f35b72-326e-4c8b-af45-519a11bc782b,Steven Robinson
3d896412-5542-493c-8312-35d3442cb2d8,Joseph White
